City,Median Age
Rodriguez Camp ,19.10
University Of California Davis ,19.60
Isla Vista ,20.70
Camp Pendleton North ,21.30
Camp Pendleton South ,21.70
Alpaugh ,21.80
Linnell Camp ,21.90
Oasis ,22.10
Tooleville ,22.40
Vandenberg ,22.50
Lemoore Station ,22.50
Lost Hills ,22.60
Stanford ,22.60
Mcclellan Park ,22.60
Richgrove ,22.90
Edwards ,23.00
Plainview ,23.10
Beale ,23.30
Allensworth ,23.40
Twentynine Palms ,23.50
Earlimart ,23.50
Smith Corner ,23.60
San Joaquin ,23.60
Orange Cove ,23.60
North Shore ,23.60
Mecca ,23.70
Yettem ,23.80
Biola ,23.80
Fort Irwin ,23.90
Teviston ,24.00
Seville ,24.00
Arvin ,24.00
Tipton ,24.00
East Orosi ,24.20
Mexican Colony ,24.30
Weedpatch ,24.40
Angwin ,24.40
Coachella ,24.50
Lindsay ,24.60
Cutler ,24.60
Pixley ,24.70
Lamont ,24.70
Huron ,24.70
Ripley ,24.80
Raisin City ,24.80
Poplar-Cotton Center ,24.80
Muscoy ,24.90
Parlier ,25.10
Davis ,25.20
Adelanto ,25.30
Parksdale ,25.40
East Porterville ,25.40
Strathmore ,25.50
Kettleman City ,25.50
Hardwick ,25.50
Greenfield ,25.50
Bret Harte ,25.50
Winton ,25.60
Pajaro ,25.60
London ,25.60
Calwa ,25.60
Mcfarland ,25.70
Coleville ,25.70
South Dos Palos ,25.80
Westley ,25.90
Shafter ,25.90
Rouse ,25.90
Perris ,25.90
King City ,25.90
Thermal ,25.90
Scotia ,26.00
Delft Colony ,26.00
East Rancho Dominguez ,26.10
Baker ,26.10
Arcata ,26.10
Terra Bella ,26.10
Mendota ,26.20
Farmersville ,26.20
San Lucas ,26.30
Florence-Graham ,26.30
Woodlake ,26.40
West Goshen ,26.40
Parklawn ,26.40
Orosi ,26.40
Firebaugh ,26.40
Woodville ,26.50
San Luis Obispo ,26.50
Buttonwillow ,26.50
San Ardo ,26.60
Monterey Park Tract ,26.60
Madera ,26.60
Chualar ,26.60
Castroville ,26.70
Kennedy ,26.80
Parkwood ,26.90
Matheny ,26.90
Gonzales ,27.00
Franklin ,27.00
Cudahy ,27.00
Bear Creek ,27.00
Sultana ,27.10
Planada ,27.10
South Taft ,27.10
Goshen ,27.10
Monson ,27.20
Fuller Acres ,27.20
Dinuba ,27.20
Boronda ,27.20
Good Hope ,27.20
Tonyville ,27.30
Del Rey ,27.30
Cherokee Strip ,27.30
Bell Gardens ,27.30
Shackelford ,27.40
Livingston ,27.40
Ivanhoe ,27.40
Ford City ,27.40
Edmundson Acres ,27.50
Delhi ,27.50
Stratford ,27.60
Riverdale ,27.60
La Vina ,27.60
Ducor ,27.60
Lennox ,27.70
Las Lomas ,27.70
El Nido ,27.70
Lynwood ,27.80
Bloomington ,27.80
Taft Mosswood ,27.90
Maywood ,27.90
Linda ,27.90
Home Garden ,27.90
Malaga ,27.90
Saticoy ,28.00
Compton ,28.00
Cantua Creek ,28.00
August ,28.00
Merced ,28.10
East Palo Alto ,28.10
Samoa ,28.10
Willowbrook ,28.20
Kerman ,28.20
Guadalupe ,28.20
Williams ,28.30
Wasco ,28.30
San Miguel CDP ,28.30
Mead Valley ,28.30
Bystrom ,28.30
Arbuckle ,28.30
Rialto ,28.30
Hawaiian Gardens ,28.40
Colton ,28.40
Seeley ,28.50
San Bernardino ,28.50
Mettler ,28.50
Lanare ,28.50
Delano ,28.50
Lemon Hill ,28.50
Santa Maria ,28.60
Paramount ,28.60
Moreno Valley ,28.60
Madison ,28.60
Chico ,28.60
Thornton ,28.60
Lemoore ,28.60
Heber ,28.70
Fontana ,28.70
Garden Acres ,28.70
Armona ,28.70
Porterville ,28.80
Salinas ,28.80
Stevinson ,28.90
Huntington Park ,28.90
Bell ,28.90
North Richmond ,29.00
Grayson ,29.00
Fairmead ,29.00
Santa Ana ,29.10
Reedley ,29.10
Plumas Lake ,29.10
Patterson ,29.10
East Los Angeles ,29.10
Tulare ,29.10
Westmorland ,29.20
Watsonville ,29.20
Sanger ,29.20
Rubidoux ,29.20
Corning ,29.20
Taft Heights ,29.30
Home Gardens ,29.30
Garnet ,29.30
Fresno ,29.30
Azusa ,29.30
South Gate ,29.40
Piru ,29.40
Newell ,29.40
Lenwood ,29.40
Laton ,29.40
Ceres ,29.40
Tulelake ,29.40
Victorville ,29.50
Selma ,29.50
Pomona ,29.50
Keyes ,29.50
Waterford ,29.60
Riverdale Park ,29.60
Hamilton City ,29.60
El Rio ,29.60
Parkway ,29.70
Palmdale ,29.70
Mayfair ,29.70
Caruthers ,29.70
Traver ,29.70
South San Jose Hills ,29.70
Fruitridge Pocket ,29.70
Airport ,29.70
West Park ,29.80
Los Banos ,29.80
Lake Elsinore ,29.80
Vista Santa Rosa ,29.80
Mesa Verde ,29.80
Santa Cruz ,29.90
Oxnard ,29.90
Ontario ,29.90
Olivehurst ,29.90
Lake Los Angeles ,29.90
Imperial ,29.90
Westmont ,29.90
Desert Shores ,29.90
Trona ,30.00
South Oroville ,30.00
Riverside ,30.00
Bakersfield ,30.00
Atwater ,30.00
French Camp ,30.10
Bay Point ,30.10
Walnut Park ,30.20
Roseland ,30.20
National City ,30.20
Highgrove ,30.20
Freedom ,30.20
Brawley ,30.20
West Modesto ,30.20
Waukena ,30.30
San Jacinto ,30.30
South El Monte ,30.40
Santa Nella ,30.40
Philo ,30.40
Mira Loma ,30.40
Lee Vining ,30.40
Patterson Tract ,30.40
Lancaster ,30.40
Warner Valley ,30.50
Lathrop ,30.50
Interlaken ,30.50
Hesperia ,30.50
French Valley ,30.50
Baldwin Park ,30.50
Shandon ,30.60
Seaside ,30.60
Highland ,30.60
Acampo ,30.60
Macdoel ,30.60
San Fernando ,30.70
Newman ,30.70
Montclair ,30.70
Citrus ,30.70
Stockton ,30.80
Hollister ,30.80
Lakeview ,30.90
Hanford ,30.90
Eastvale ,30.90
Three Rocks ,31.00
Riverbank ,31.00
North Fair Oaks ,31.00
Mojave ,31.00
Madera Acres ,31.00
Imperial Beach ,31.00
Desert Hot Springs ,31.00
Berkeley ,31.00
Warm Springs ,31.10
Vista ,31.10
Sunnyslope ,31.10
Santa Paula ,31.10
Rollingwood ,31.10
Foothill Farms ,31.10
Desert View Highlands ,31.10
Barstow ,31.10
Ballico ,31.10
Salida ,31.20
Exeter ,31.20
Commerce ,31.20
Salton City ,31.30
Port Hueneme ,31.30
Dos Palos ,31.30
Amesti ,31.30
Oildale ,31.40
Mountain House ,31.40
Cabazon ,31.40
Ashland ,31.40
Antelope ,31.40
Sun Village ,31.40
Oroville ,31.50
Le Grand ,31.50
La Puente ,31.50
Herlong ,31.50
Hawthorne ,31.50
Visalia ,31.60
San Pablo ,31.60
Fowler ,31.60
El Monte ,31.60
Mather ,31.60
Kings Beach ,31.60
Valinda ,31.70
Live Oak ,31.70
Glen Avon ,31.70
Alum Rock ,31.70
Val Verde ,31.70
El Centro ,31.80
Calexico ,31.80
Lawndale ,31.90
Fillmore ,31.90
Coalinga ,31.90
Bellflower ,31.90
South Monrovia Island ,32.00
Rosamond ,32.00
Romoland ,32.00
Orland ,32.00
Oakley ,32.00
Byron ,32.00
South Whittier ,32.00
West Athens ,32.10
Holtville ,32.10
Florin ,32.10
East Tulare Villa ,32.10
North Highlands ,32.10
Red Bluff ,32.20
Indio ,32.20
East Hemet ,32.20
Tracy ,32.30
Littlerock ,32.30
Cherryland ,32.30
Vincent ,32.40
Ladera Ranch ,32.40
Gilroy ,32.40
Galt ,32.40
Anaheim ,32.40
Potrero ,32.40
Victor ,32.50
Pittsburg ,32.50
Norwalk ,32.50
Marysville ,32.50
El Rancho ,32.50
Corona ,32.50
Beaumont ,32.50
Turlock ,32.50
Tupman ,32.50
Escondido ,32.50
Willows ,32.60
West Puente Valley ,32.60
Mammoth Lakes ,32.60
Weed ,32.70
Tranquillity ,32.70
La Presa ,32.70
Hughson ,32.80
Empire ,32.80
West Rancho Dominguez ,32.90
San Marcos ,32.90
Nuevo ,32.90
Calipatria ,32.90
Suisun ,33.00
Stanton ,33.00
Sacramento ,33.00
Rohnert Park ,33.00
Leggett ,33.00
Lakeland Village ,33.00
Yuba City ,33.00
Rancho Cordova ,33.10
Proberta ,33.10
Gridley ,33.10
Esparto ,33.10
Long Beach ,33.20
Loma Linda ,33.20
Las Flores ,33.20
Chino ,33.20
Wheatland ,33.20
Downey ,33.30
Dixon ,33.30
Waldon ,33.30
Temecula ,33.40
Pedley ,33.40
Inglewood ,33.40
Tustin ,33.40
Murrieta ,33.40
Pescadero ,33.50
Hayward ,33.50
Colusa ,33.50
West Sacramento ,33.60
Susanville ,33.60
San Diego ,33.60
La Habra ,33.60
Grimes ,33.60
Costa Mesa ,33.60
Manteca ,33.60
Woodland ,33.70
Mentone ,33.70
Kingsburg ,33.70
Fairfield ,33.70
El Cajon ,33.70
Crestmore Heights ,33.70
Chula Vista ,33.70
Avocado Heights ,33.70
Alondra Park ,33.70
West Whittier-Los Nietos ,33.70
Vineyard ,33.80
Ridgecrest ,33.80
Coronita ,33.80
Bostonia ,33.80
Antioch ,33.80
Rosemont ,33.90
Maxwell ,33.90
Lompoc ,33.90
Las Flores CDP ,33.90
Irvine ,33.90
Pico Rivera ,34.00
Monmouth ,34.00
Marina ,34.00
Irwindale ,34.00
Gerber ,34.00
Boyes Hot Springs ,34.00
Santa Clara ,34.10
Sand City ,34.10
Los Angeles ,34.10
Clovis ,34.10
Anderson ,34.10
Cuyama ,34.20
Avenal ,34.20
Modesto ,34.20
Mountain View Acres ,34.30
Lodi ,34.30
Elk Grove ,34.30
Knights Landing ,34.30
Tehachapi ,34.40
Pine Canyon ,34.40
Indio Hills ,34.40
Greenfield CDP ,34.40
Burbank CDP ,34.50
Rancho Cucamonga ,34.50
Winchester ,34.60
Wildomar ,34.60
Hopland ,34.60
Moorpark ,34.70
Montebello ,34.70
Lindcove ,34.70
Green Acres ,34.70
Fallbrook ,34.70
Chowchilla ,34.70
Smith River ,34.80
Richmond ,34.80
Orange ,34.80
Fullerton ,34.80
Fetters Hot Springs-Agua Caliente ,34.80
Denair ,34.80
California City ,34.80
Taft ,34.90
Soledad ,34.90
Oakdale ,34.90
Crescent City ,34.90
Spring Valley CDP ,35.00
Nubieber ,35.00
Lemon Grove ,35.00
Emeryville ,35.00
Corcoran ,35.00
Vine Hill ,35.10
La Riviera ,35.10
Easton ,35.10
Buena Park ,35.10
Aliso Viejo ,35.10
New Cuyama ,35.10
Biggs ,35.10
San Jose ,35.20
Oceanside ,35.20
Hickman ,35.20
Dos Palos Y ,35.20
Campo ,35.20
Montalvin ,35.20
Camino Tassajara ,35.20
Santa Fe Springs ,35.30
Gustine ,35.30
El Paso De Robles ,35.30
Dublin ,35.30
Newark ,35.40
Charter Oak ,35.40
Whittier ,35.40
Oceano ,35.40
American Canyon ,35.50
Sunnyvale ,35.60
Garden Grove ,35.60
Castaic ,35.60
Brentwood ,35.60
South Lake Tahoe ,35.60
Marin City ,35.60
El Verano ,35.70
El Cerrito CDP ,35.70
Covina ,35.70
Soda Springs ,35.80
El Sobrante CDP ,35.80
Cressey ,35.80
Covelo ,35.80
Cottonwood ,35.80
Yolo ,35.90
Ukiah ,35.90
Mountain View ,35.90
Winters ,35.90
Rio Linda ,35.90
West Covina ,36.00
Signal Hill ,36.00
Rancho Santa Margarita ,36.00
Placentia ,36.00
Escalon ,36.00
Del Aire ,36.00
College City ,36.00
Cathedral City ,36.00
Upland ,36.10
Milpitas ,36.10
Homeland ,36.10
Grand Terrace ,36.10
Union City ,36.20
Temescal Valley ,36.20
Robbins ,36.20
Redlands ,36.20
Oakville ,36.20
Oakland ,36.20
Lincoln Village ,36.20
Hilmar-Irwin ,36.20
Eureka ,36.20
East La Mirada ,36.20
Cotati ,36.20
Canby ,36.20
Calpella ,36.20
Bayview CDP ,36.20
Santa Clarita ,36.20
Citrus Heights ,36.20
Upper Lake ,36.30
Mckinleyville ,36.30
Norris Canyon ,36.40
Colma ,36.40
Vernon ,36.50
Stevenson Ranch ,36.50
Nord ,36.50
Mountain View CDP ,36.50
Loleta ,36.50
Goleta ,36.50
Volta ,36.60
Quartz Hill ,36.60
Chino Hills ,36.60
Santa Rosa ,36.70
Rocklin ,36.70
Redwood City ,36.70
Ramona ,36.70
Twin Lakes ,36.80
Santa Barbara ,36.80
Roseville ,36.80
Morgan Hill ,36.80
Honcut ,36.80
Fremont ,36.80
Fields Landing ,36.80
Winter Gardens ,36.80
Tara Hills ,36.80
Boonville ,36.80
Monterey ,36.90
Linden ,36.90
Lake California ,36.90
Grover Beach ,36.90
Country Club ,36.90
Thermalito ,37.00
Talmage ,37.00
Nipomo ,37.00
Cowan ,37.00
Concord ,37.00
Apple Valley ,37.00
Albany ,37.00
Windsor ,37.00
Hermosa Beach ,37.00
San Ramon ,37.10
Midway City ,37.10
Meadowbrook ,37.10
La Mesa ,37.10
Grangeville ,37.10
Ripon ,37.10
Vacaville ,37.20
Santee ,37.20
Pasadena ,37.20
Lake Forest ,37.20
Whitewater ,37.30
Delleker ,37.30
Napa ,37.40
Middletown ,37.40
Fort Bragg ,37.40
Lakewood ,37.50
Industry ,37.50
Eucalyptus Hills ,37.50
Yosemite Valley ,37.60
Folsom ,37.60
Dustin Acres ,37.60
Carson ,37.60
Big Creek ,37.60
Crows Landing ,37.70
Avalon ,37.70
Yucaipa ,37.80
Willits ,37.80
Simi Valley ,37.80
Fulton ,37.80
Vallejo ,37.90
San Lorenzo ,37.90
Phelan ,37.90
Montague ,37.90
Monrovia ,37.90
La Mirada ,37.90
Greenacres ,37.90
Gardena ,37.90
Diablo Grande ,37.90
Cutten ,37.90
Colfax ,37.90
Blythe ,38.00
Truckee ,38.00
Kelseyville ,38.00
South San Francisco ,38.10
Rosemead ,38.10
Menifee ,38.10
Manila ,38.10
Fortuna ,38.10
Rodeo ,38.20
Los Alamos ,38.20
Dorris ,38.20
Artesia ,38.20
Smartsville ,38.30
Rio Dell ,38.30
Daly City ,38.30
Campbell ,38.30
Blue Lake ,38.30
Livermore ,38.30
Clyde ,38.40
Casa Conejo ,38.40
Brooktrails ,38.40
Bieber ,38.40
San Martin ,38.50
San Francisco ,38.50
Redding ,38.50
Bertsch-Oceanview ,38.50
Sisquoc ,38.60
Golden Hills ,38.60
Elverta ,38.60
Claremont ,38.60
San Juan Bautista ,38.70
Menlo Park ,38.70
Los Alamitos ,38.70
Camanche Village ,38.70
Brea ,38.70
Westminster ,38.70
Tarpey Village ,38.80
San Bruno ,38.80
Live Oak CDP ,38.80
Joshua Tree ,38.80
Shasta Lake ,38.80
San Mateo ,38.90
Burbank ,38.90
Bishop ,38.90
San Buenaventura ,39.00
Mount Hermon ,39.00
Hercules ,39.00
Hemet ,39.00
Creston ,39.00
Arden-Arcade ,39.00
Winterhaven ,39.00
Sutter ,39.10
Oak Hills ,39.10
Lakeside ,39.10
Fort Jones ,39.10
Buellton ,39.10
Bermuda Dunes ,39.10
Lockeford ,39.20
El Segundo ,39.20
San Leandro ,39.30
Redondo Beach ,39.30
Needles ,39.30
Foster City ,39.30
Boron ,39.30
Alhambra ,39.30
Maricopa ,39.40
Spreckels ,39.40
El Portal ,39.40
Valley Ford ,39.50
Norco ,39.50
Hartland ,39.50
Carpinteria ,39.50
Oak View ,39.60
Niland ,39.60
Lomita ,39.60
Lemon Cove ,39.60
Discovery Bay ,39.60
Mcarthur ,39.60
Sonora ,39.70
San Clemente ,39.70
Cloverdale ,39.70
Round Valley ,39.80
Opal Cliffs ,39.80
Eldridge ,39.80
Bradley ,39.80
Valley Acres ,39.80
Portola ,39.80
Woodcrest ,39.90
Johnstonville ,39.90
Jacumba ,39.90
Duarte ,39.90
Cupertino ,39.90
Clearlake ,39.90
Alturas ,39.90
Geyserville ,39.90
Cypress ,39.90
Valley Home ,40.00
Salton Sea Beach ,40.00
Richfield ,40.00
Point Arena ,40.00
Mission Hills ,40.00
Marina Del Rey ,40.00
Laytonville ,40.00
Garberville ,40.00
Fellows ,40.00
Calistoga ,40.00
South Pasadena ,40.10
Rosedale ,40.10
Prunedale ,40.10
Plymouth ,40.10
Hacienda Heights ,40.10
Rowland Heights ,40.20
Meiners Oaks ,40.20
Glendora ,40.20
East San Gabriel ,40.20
San Rafael ,40.20
San Juan Capistrano ,40.20
Huntington Beach ,40.20
Snelling ,40.30
Petaluma ,40.30
Clearlake Riviera ,40.30
San Gabriel ,40.30
Davenport ,40.30
West Hollywood ,40.40
Tahoe Vista ,40.40
Santa Monica ,40.40
Placerville ,40.40
Montgomery Creek ,40.40
Carlsbad ,40.40
Artois ,40.40
West Menlo Park ,40.40
Frazier Park ,40.40
Richvale ,40.50
Pleasanton ,40.50
Mono Vista ,40.50
Mcswain ,40.50
East Pasadena ,40.50
Culver City ,40.50
Burlingame ,40.50
South San Gabriel ,40.50
Lincoln ,40.50
Yucca Valley ,40.60
Walnut Grove ,40.60
Lebec ,40.60
El Sobrante ,40.60
El Dorado Hills ,40.60
Cameron Park ,40.60
Zayante ,40.70
Sunnyside-Tahoe City ,40.70
Sheridan ,40.70
Searles Valley ,40.70
San Simeon ,40.70
Pleasant Hill ,40.70
Coronado ,40.70
Alameda ,40.70
Orangevale ,40.70
Templeton ,40.80
Redway ,40.80
Los Berros ,40.80
Laguna Hills ,40.80
Healdsburg ,40.80
Camarillo ,40.80
Vina ,40.90
Palermo ,40.90
Manhattan Beach ,40.90
Belmont ,40.90
North Edwards ,41.00
Mono City ,41.00
Larkfield-Wikiup ,41.00
Lake Mathews ,41.00
Glendale ,41.00
Atascadero ,41.00
Alto ,41.00
Diamond Bar ,41.00
Bayview ,41.00
Stirling City ,41.10
Santa Margarita ,41.10
San Diego Country Estates ,41.10
Mayflower Village ,41.10
Fairview ,41.10
Courtland ,41.10
Redwood Valley ,41.20
Hidden Valley Lake ,41.20
Castro Valley ,41.20
Rancho San Diego ,41.20
La Palma ,41.20
Torrance ,41.30
Spring Valley Lake ,41.30
San Pasqual ,41.30
Poway ,41.30
Myrtletown ,41.30
Miranda ,41.30
Westwood ,41.30
Valle Vista ,41.40
Pinon Hills ,41.40
Tuolumne City ,41.40
Thousand Oaks ,41.50
Peters ,41.50
Pacifica ,41.50
Ione ,41.50
Fort Bidwell ,41.50
Encinitas ,41.50
Elkhorn ,41.50
Derby Acres ,41.50
Bonadelle Ranchos-Madera Ranchos ,41.50
Potter Valley ,41.60
La Crescenta-Montrose ,41.60
Doyle ,41.60
Calabasas ,41.60
Rose Hills ,41.70
Oak Park ,41.70
Martell ,41.70
Dunnigan ,41.70
Yreka ,41.70
Yorba Linda ,41.70
Scotts Valley ,41.70
Running Springs ,41.70
Los Molinos ,41.70
June Lake ,41.70
Fruitdale ,41.70
Broadmoor ,41.70
Brisbane ,41.70
Manchester ,41.80
Fall River Mills ,41.80
Callender ,41.80
Altadena ,41.80
Saranap ,41.90
Palo Alto ,41.90
Lone Pine ,41.90
Alpine ,41.90
Capitola ,41.90
Temple City ,42.00
East Foothills ,42.00
West Carson ,42.10
Loomis ,42.10
Isleton ,42.10
East Quincy ,42.10
Valley Center ,42.10
Rio Oso ,42.20
North El Monte ,42.20
Mission Viejo ,42.20
Martinez ,42.20
Coto De Caza ,42.20
Aromas ,42.20
Humboldt Hill ,42.20
Orcutt ,42.30
Mount Hebron ,42.30
Brookdale ,42.30
Banning ,42.30
Harbison Canyon ,42.40
Elizabeth Lake ,42.40
Carmichael ,42.40
Cambrian Park ,42.40
Agoura Hills ,42.40
North Auburn ,42.50
Burney ,42.50
Sugarloaf Saw Mill ,42.50
Nicasio ,42.50
Woodbridge ,42.60
San Dimas ,42.60
Pinole ,42.60
Novato ,42.60
Knightsen ,42.60
Fountain Valley ,42.60
San Carlos ,42.60
Valley Springs ,42.70
Lucerne Valley ,42.70
Laguna Niguel ,42.80
Cherokee ,42.80
Carrick ,42.80
Franklin CDP ,42.80
Soulsbyville ,42.90
Saint Helena ,42.90
Monument Hills ,42.90
La Verne ,42.90
Big Bear City ,42.90
Benicia ,42.90
Dogtown ,42.90
Trowbridge ,43.00
Lake Arrowhead ,43.00
Casmalia ,43.00
Hasley Canyon ,43.00
Walnut ,43.10
Tahoma ,43.10
Sunnyside ,43.10
Shelter Cove ,43.10
Monterey Park ,43.10
Klamath ,43.10
Arcadia ,43.10
Soquel ,43.20
Penryn ,43.20
Moss Beach ,43.20
Half Moon Bay ,43.20
Grass Valley ,43.20
Buena Vista ,43.20
Thousand Palms ,43.30
Durham ,43.30
Crestline ,43.30
Collierville ,43.30
Herald ,43.40
Elmira ,43.40
Tuttle ,43.50
El Cerrito ,43.50
Clay ,43.50
Chinese Camp ,43.50
Amador City ,43.50
Wawona ,43.60
Rancho Calaveras ,43.60
Beverly Hills ,43.60
Solana Beach ,43.70
Seacliff ,43.80
Milford ,43.80
Litchfield ,43.90
Indianola ,43.90
Farmington ,43.90
Bonita ,43.90
Strawberry ,44.00
Newport Beach ,44.00
Felton ,44.00
China Lake Acres ,44.00
Cerritos ,44.00
Canyon Lake ,44.00
Tehama ,44.10
Camanche North Shore ,44.10
Bonsall ,44.10
Ben Lomond ,44.10
Hood ,44.10
Lompico ,44.20
Lakeport ,44.20
Corte Madera ,44.20
Wrightwood ,44.30
Camptonville ,44.30
Patton Village ,44.30
Weaverville ,44.40
Pacheco ,44.40
Jamul ,44.40
Santa Susana ,44.40
Shoshone ,44.50
Paxton ,44.50
North Lakeport ,44.50
Lockwood ,44.50
Kirkwood ,44.50
Grenada ,44.50
El Granada ,44.50
Danville ,44.50
Buck Meadows ,44.50
Tres Pinos ,44.50
Penn Valley ,44.50
Highlands-Baywood Park ,44.60
Shingle Springs ,44.60
Jamestown ,44.70
Old Fig Garden ,44.70
Pollock Pines ,44.80
Loma Mar ,44.80
Hartley ,44.80
Dana Point ,44.80
Crest ,44.80
Channel Islands Beach ,44.80
Anza ,44.80
Penngrove ,44.80
Millbrae ,44.80
Lexington Hills ,44.80
San Anselmo ,44.90
Chester ,44.90
Pajaro Dunes ,45.00
Moraga ,45.00
Los Gatos ,45.00
Janesville ,45.00
Garey ,45.00
Cartago ,45.00
Vandenberg Village ,45.00
Solvang ,45.00
Clayton ,45.00
Ross ,45.10
Lake Nacimiento ,45.10
Crowley Lake ,45.10
Corralitos ,45.10
Whitley Gardens ,45.10
Lafayette ,45.20
San Marino ,45.30
Rainbow ,45.30
Lookout ,45.30
Indian Falls ,45.30
Oak Glen ,45.40
Midpines ,45.40
Mckittrick ,45.40
Greenville ,45.40
Edna ,45.40
Boulder Creek ,45.40
Auburn ,45.40
Arroyo Grande ,45.40
Dollar Point ,45.40
Casa De Oro-Mount Helix ,45.40
Wilton ,45.50
Quincy ,45.50
Lake Riverside ,45.50
Cohasset ,45.50
Acton ,45.50
Tamalpais-Homestead Valley ,45.50
Rossmoor ,45.50
Bridgeport ,45.50
Westhaven-Moonstone ,45.60
Weott ,45.60
River Pines ,45.60
Pine Hills ,45.60
North Tustin ,45.60
La Quinta ,45.60
Chilcoot-Vinton ,45.60
Topaz ,45.70
Rutherford ,45.70
Mount Shasta ,45.70
Meridian ,45.70
Lake Of The Woods ,45.70
Garden Farms ,45.70
Foresthill ,45.70
Crockett ,45.70
Ballard ,45.70
San Andreas ,45.70
Sierra Brooks ,45.80
Hidden Hills ,45.80
Fair Oaks ,45.80
Paynes Creek ,45.80
Daphnedale Park ,45.80
Trinidad ,45.90
La Canada Flintridge ,45.90
Angels ,45.90
Graton ,45.90
Fairfax ,45.90
Ladera ,46.00
Jackson ,46.00
Granite Bay ,46.00
Emerald Lake Hills ,46.00
Belden ,46.00
Auberry ,46.00
Montara ,46.00
Topanga ,46.10
Sebastopol ,46.10
Keswick ,46.10
Big Bear Lake ,46.10
Piedmont ,46.20
Loyalton ,46.20
Los Altos ,46.20
Hydesville ,46.20
East Richmond Heights ,46.20
Del Rey Oaks ,46.20
Benbow ,46.20
Bella Vista ,46.20
Squaw Valley ,46.30
San Antonio Heights ,46.30
Butte Valley ,46.30
Acalanes Ridge ,46.30
Mountain Gate ,46.40
Georgetown ,46.40
Moss Landing ,46.50
Lower Lake ,46.50
Bell Canyon ,46.50
Silver Lakes ,46.50
La Selva Beach ,46.50
Sierra Madre ,46.60
Nice ,46.60
Mill Valley ,46.60
Centerville ,46.60
Big Pine ,46.60
Stallion Springs ,46.70
Myers Flat ,46.70
Hornbrook ,46.70
Cazadero ,46.70
Grizzly Flats ,46.80
Sunset Beach ,46.90
Kingvale ,46.90
Hayfork ,46.90
Copperopolis ,46.90
Bangor ,46.90
Aptos Hills-Larkin Valley ,46.90
Aptos ,46.90
Alta ,46.90
Lake Hughes ,46.90
Greenhorn ,46.90
Rio Del Mar ,47.00
Kentfield ,47.00
Green Valley ,47.00
Granite Hills ,47.00
Fieldbrook ,47.00
Dunsmuir ,47.00
Alderpoint ,47.00
Waterloo ,47.10
View Park-Windsor Hills ,47.10
Princeton ,47.10
Ojai ,47.10
Diamond Springs ,47.10
Chalfant ,47.10
Yosemite Lakes ,47.20
Sunny Slopes ,47.20
San Miguel ,47.20
Olancha ,47.20
Morongo Valley ,47.20
Los Osos ,47.20
Lake Isabella ,47.20
Catheys Valley ,47.20
California Pines ,47.20
Ferndale ,47.20
Rackerby ,47.30
Lucas Valley-Marinwood ,47.30
Happy Camp ,47.30
Comptche ,47.30
Adin ,47.30
Allendale ,47.30
Agua Dulce ,47.30
Millville ,47.40
Loma Rica ,47.40
Leona Valley ,47.40
East Nicolaus ,47.40
Bloomfield ,47.40
Nevada City ,47.50
Loyola ,47.50
Hillsborough ,47.50
Desert Center ,47.50
Bonny Doon ,47.50
Forestville ,47.50
La Honda ,47.60
Minkler ,47.60
La Habra Heights ,47.60
Bear Valley CDP ,47.60
Vallecito ,47.70
Santa Venetia ,47.70
Challenge-Brownsville ,47.70
Alamo ,47.70
Wallace ,47.80
Saratoga ,47.80
Santa Ynez ,47.80
Round Mountain ,47.80
Rancho Palos Verdes ,47.80
Orinda ,47.80
Malibu ,47.80
Dobbins ,47.80
Columbia ,47.80
Alpine Village ,47.80
Camino ,47.80
Aspen Springs ,47.80
Walnut Creek ,47.90
Tiburon ,48.00
North Gate ,48.00
Mira Monte ,48.00
Los Olivos ,48.00
Day Valley ,48.00
Blackhawk ,48.00
Sleepy Hollow ,48.10
Pacific Grove ,48.10
Orick ,48.10
Avery ,48.10
Inyokern ,48.20
Guerneville ,48.20
Atherton ,48.20
Pine Valley ,48.30
Palo Cedro ,48.30
Meadow Vista ,48.30
Laguna Beach ,48.30
Bend ,48.30
Auburn Lake Trails ,48.30
Shell Ridge ,48.30
Monte Sereno ,48.30
Oakhurst ,48.40
Dixon Lane-Meadow Creek ,48.40
Morada ,48.40
Rolling Hills Estates ,48.50
Rancho Tehama Reserve ,48.50
Phillipsville ,48.50
Lucerne ,48.50
Larkspur ,48.50
Etna ,48.50
Canyondam ,48.50
Occidental ,48.50
Del Mar ,48.60
Westlake Village ,48.70
Clarksburg ,48.70
Woodside ,48.80
Sattley ,48.80
Oroville East ,48.80
Calimesa ,48.80
Bear Valley ,48.80
Benton ,48.80
Santa Rosa Valley ,48.90
Red Corral ,48.90
Morro Bay ,48.90
Lagunitas-Forest Knolls ,48.90
Flournoy ,48.90
Lake Sherwood ,49.00
Ladera Heights ,49.00
Iron Horse ,49.00
Descanso ,49.00
Magalia ,49.00
Coloma ,49.00
Ridgemark ,49.10
Floriston ,49.10
Bradbury ,49.10
Summerland ,49.20
Sonoma ,49.20
Boulevard ,49.20
Fish Camp ,49.20
Sunol ,49.30
Mariposa ,49.30
Diablo ,49.30
Bolinas ,49.30
Carnelian Bay ,49.30
Sutter Creek ,49.40
Ahwahnee ,49.40
Mortmar ,49.40
Fairbanks Ranch ,49.40
Willow Creek ,49.50
Rough And Ready ,49.50
Nipinnawasee ,49.50
Kensington ,49.50
Cedarville ,49.50
Lake Of The Pines ,49.50
Groveland ,49.60
French Gulch ,49.60
Cleone ,49.60
Bootjack ,49.60
Villa Park ,49.60
Gold River ,49.70
Clear Creek ,49.70
North San Juan ,49.80
Calpine ,49.80
Alta Sierra ,49.80
Mountain Mesa ,49.80
Idyllwild-Pine Cove ,49.80
Palos Verdes Estates ,49.90
West Point ,50.00
San Geronimo ,50.00
Mesa ,50.00
East Oakdale ,50.00
Montecito ,50.00
Mad River ,50.00
Forest Ranch ,50.00
Drytown ,50.10
Cobb ,50.10
Bodfish ,50.10
Toro Canyon ,50.20
Los Altos Hills ,50.20
Coffee Creek ,50.20
Paradise ,50.20
Lake Don Pedro ,50.20
Taylorsville ,50.30
Springville ,50.30
Homestead Valley ,50.30
Castle Hill ,50.30
Big Bend ,50.30
Albion ,50.30
Stonyford ,50.40
Idlewild ,50.40
Concow ,50.40
Woodacre ,50.50
Tomales ,50.50
Reliez Valley ,50.50
Oak Shores ,50.60
Del Rio ,50.60
Shasta ,50.60
Weldon ,50.70
Monte Rio ,50.70
Hyampom ,50.70
Redcrest ,50.80
Rancho Murieta ,50.80
Mesa Vista ,50.80
Markleeville ,50.80
Julian ,50.80
Guinda ,50.80
Douglas City ,50.80
Mineral ,50.80
Pike ,50.90
Mi Wuk Village ,50.90
Paskenta ,51.00
Bear Valley Springs ,51.00
Sausalito ,51.10
Point Reyes Station ,51.10
Nicolaus ,51.10
Independence ,51.10
Walker ,51.10
Wilkerson ,51.20
Rancho Santa Fe ,51.30
Pioneer ,51.30
Newcastle ,51.30
Portola Valley ,51.30
Mission Canyon ,51.30
Onyx ,51.40
Mokelumne Hill ,51.40
Lewiston ,51.40
Glen Ellen ,51.40
Cold Springs CDP ,51.50
Pine Mountain Club ,51.60
Palm Springs ,51.60
Fiddletown ,51.60
Washington ,51.70
Rolling Hills ,51.70
Tuttletown ,51.70
Carmel Valley Village ,51.70
Pismo Beach ,51.80
Friant ,51.80
Mccloud ,51.80
Los Ranchos ,51.90
Hat Creek ,51.90
Deer Park ,51.90
Spring Valley ,51.90
Cherry Valley ,51.90
Posey ,52.00
Lytle Creek ,52.00
Furnace Creek ,52.00
Twain Harte ,52.00
Burnt Ranch ,52.10
Cedar Ridge ,52.20
Alhambra Valley ,52.20
Three Rivers ,52.30
Hornitos ,52.30
Hamilton Branch ,52.30
Forbestown ,52.30
Coarsegold ,52.30
Junction City ,52.30
Meadow Valley ,52.40
Port Costa ,52.50
Elk Creek ,52.50
Keddie ,52.50
West Bishop ,52.60
Sierraville ,52.60
Muir Beach ,52.60
Greenview ,52.60
Crescent Mills ,52.60
Butte Creek Canyon ,52.60
Pine Grove ,52.70
Hidden Meadows ,52.70
Tobin ,52.80
Bethel Island ,52.80
Phoenix Lake ,52.90
Paradise CDP ,52.90
Coulterville ,52.90
Rolling Hills CDP ,53.00
Palm Desert ,53.00
Alleghany ,53.00
Keene ,53.00
Cayucos ,53.00
Cold Springs ,53.10
Shingletown ,53.20
Black Point-Green Point ,53.20
Cromberg ,53.30
C-Road ,53.30
Sierra Village ,53.40
Aguanga ,53.40
Sky Valley ,53.50
Mountain Center ,53.50
Yankee Hill ,53.60
Pasatiempo ,53.70
Kenwood ,53.70
Gazelle ,53.70
Rail Road Flat ,53.70
Swall Meadows ,53.80
Robinson Mill ,53.80
Greeley Hill ,53.80
Beckwourth ,53.90
Manton ,53.90
Trinity Village ,54.00
Soda Bay ,54.00
Gasquet ,54.00
Belvedere ,54.00
Arnold ,54.10
Murphys ,54.10
Hiouchi ,54.20
Pine Flat ,54.30
Long Barn ,54.30
Lake Almanor Peninsula ,54.30
Berry Creek ,54.30
Shaver Lake ,54.30
Stinson Beach ,54.40
Lodoga ,54.50
Bodega ,54.50
Palo Verde ,54.50
Little River ,54.70
Mcgee Creek ,54.80
Edgewood ,54.80
Ruth ,54.90
Clearlake Oaks ,54.90
Buckhorn ,54.90
Big River ,54.90
Mcclenney Tract ,55.00
Johannesburg ,55.00
Dutch Flat ,55.00
Twain ,55.30
Mountain Ranch ,55.30
Clipper Mills ,55.40
Timber Cove ,55.40
New Pine Creek ,55.50
Little Grass Valley ,55.50
Green Valley CDP ,55.50
Strawberry CDP ,55.70
Verdi ,55.80
Kernville ,55.80
Blairsden ,55.80
La Porte ,56.00
Homewood Canyon ,56.00
Clio ,56.00
Goodyears Bar ,56.00
Ocotillo ,56.10
Mendocino ,56.10
Big Lagoon ,56.30
Wilsonia ,56.50
Pierpoint ,56.50
Freeport ,56.50
Downieville ,56.50
Sierra City ,56.60
Eagleville ,56.60
Borrego Springs ,56.60
Avila Beach ,56.90
Volcano ,57.10
Paradise Park ,57.10
Caspar ,57.10
Cambria ,57.10
Rio Vista ,57.20
Bodega Bay ,57.20
Seal Beach ,57.30
Inverness ,57.30
Anchor Bay ,57.30
Dillon Beach ,57.40
Kelly Ridge ,57.40
Tecopa ,57.50
Spring Garden ,57.50
Johnsville ,57.50
Dorrington ,57.60
Lakehead ,57.70
Cassel ,57.70
Poso Park ,57.80
Fort Washington ,57.80
Del Monte Forest ,57.80
Mabie ,57.90
Forest Meadows ,58.00
Butte Meadows ,58.00
Wofford Heights ,58.30
Squirrel Mountain Valley ,58.30
Panorama Heights ,58.30
Lake Wildwood ,58.40
Prattville ,58.50
Jenner ,58.50
Bombay Beach ,58.50
Salmon Creek ,59.00
Plumas Eureka (Historical) ,59.00
Bowles ,59.00
Randsburg ,59.10
Likely ,59.10
Woodlands ,59.20
Carmel By The Sea ,59.20
Sereno Del Mar ,59.30
Mohawk Vista ,59.30
Keeler ,59.30
Carmet ,59.30
Tennant ,59.50
Pearsonville ,59.80
Pine Mountain Lake ,60.00
Camp Nelson ,60.20
Terminous ,60.30
East Sonora ,60.40
Lake Davis ,60.50
California Hot Springs ,60.50
East Shore ,60.80
Kennedy Meadows ,61.00
Mount Laguna ,61.50
Silverado Resort ,61.80
Old Station ,61.90
Trinity Center ,62.00
Lake City ,62.20
Rancho Mirage ,62.30
Bass Lake ,62.30
Graeagle ,62.40
Storrie ,62.50
Spaulding ,63.00
March Arb ,63.00
Bucks Lake ,63.30
Lake San Marcos ,63.30
Darwin ,63.50
Sea Ranch ,63.70
Gold Mountain ,63.70
Valley Ranch ,63.80
Desert Edge ,63.80
Yountville ,64.00
Sequoia Crest ,64.50
Whitehawk ,65.30
Ponderosa ,65.30
Lake Almanor West ,65.40
Lake Almanor Country Club ,65.80
Indian Wells ,66.70
Blacklake ,66.90
Bluewater ,70.40
Sugarloaf Village ,71.00
Temelec ,71.50
Desert Palms ,74.10
Laguna Woods ,77.00
Graniteville ,78.30
