City,Labor Force,Employment,Unemployment Number,Unemployment Rate
Alameda,"42,300","41,100","1,200",2.8%
Albany,"10,000","9,700",200,2.4%
Ashland,"11,500","11,000",600,4.9%
Berkeley,"64,000","62,100","1,900",3.0%
Castro Valley,"32,900","32,000",900,2.9%
Cherryland,"7,500","7,100",400,5.1%
Dublin,"31,700","30,800",900,2.7%
Emeryville,"7,700","7,500",200,2.6%
Fairview,"5,300","5,200",100,1.6%
Fremont,"120,900","117,500","3,300",2.7%
Hayward,"79,400","76,700","2,700",3.4%
Livermore,"49,100","47,800","1,300",2.6%
Newark,"25,200","24,500",700,2.9%
Oakland,"215,700","208,100","7,500",3.5%
Piedmont,"5,300","5,200",100,2.0%
Pleasanton,"42,100","40,900","1,200",2.8%
San Leandro,"47,600","46,000","1,600",3.3%
San Lorenzo,"12,800","12,400",400,3.2%
Sunol,500,500,0,2.6%
Union,"37,900","36,700","1,200",3.2%
Alpine Village,90,90,0,0.0%
Bear Valley,40,40,0,0.0%
Kirkwood,50,50,0,0.0%
Markleeville,60,60,0,0.0%
Mesa Vista,90,70,20,17.2%
Amador,70,70,10,7.1%
Ione,"1,730","1,640",90,5.3%
Jackson,"2,200","2,130",70,3.0%
Plymouth,590,570,10,2.4%
Sutter Creek,"1,020","1,000",20,1.8%
Aliso Viejo,"30,200","29,400",800,2.8%
Anaheim,"170,600","165,300","5,300",3.1%
Brea,"22,600","21,900",700,2.9%
Buena Park,"40,400","39,000","1,400",3.4%
Costa Mesa,"65,700","63,900","1,800",2.7%
Coto de Caza,"7,400","7,200",200,2.4%
Cypress,"25,000","24,200",800,3.3%
Dana Point,"18,700","18,300",500,2.6%
Fountain Valley,"28,400","27,500",900,3.1%
Fullerton,"70,400","68,100","2,300",3.2%
Garden Grove,"81,900","79,200","2,700",3.3%
Huntington Beach,"108,900","105,700","3,200",3.0%
Irvine,"144,500","140,300","4,200",2.9%
La Habra,"30,900","30,000",900,3.0%
La Palma,"7,900","7,700",200,2.5%
Laguna Beach,"12,600","12,300",300,2.6%
Laguna Hills,"17,100","16,600",400,2.5%
Laguna Niguel,"35,500","34,400","1,100",3.0%
Laguna Woods,"3,500","3,400",100,2.2%
Lake Forest,"48,100","46,900","1,300",2.6%
Las Flores,"2,900","2,900",100,2.1%
Los Alamitos,"5,700","5,500",200,3.3%
Mission Viejo,"49,900","48,400","1,500",3.1%
Newport Beach,"45,200","44,000","1,200",2.7%
Orange,"72,400","70,300","2,200",3.0%
Placentia,"26,000","25,100",800,3.3%
Rancho Santa Margarita,"27,800","27,100",700,2.7%
Rossmoor,"5,100","5,000",100,2.4%
San Clemente,"31,900","31,000",900,2.9%
San Juan Capistrano,"17,200","16,700",500,2.9%
Santa Ana,"157,600","152,800","4,800",3.1%
Seal Beach,"10,000","9,700",400,3.6%
Stanton,"18,500","17,900",600,3.1%
Tustin,"42,800","41,600","1,200",2.8%
Villa Park,"2,500","2,400",100,4.6%
Westminster,"41,900","40,500","1,400",3.3%
Yorba Linda,"35,000","34,000","1,000",2.7%
Arvin,"9,300","8,600",700,7.2%
Bakersfield,"181,300","170,700","10,500",5.8%
Bear Valley Springs,"2,000","1,900",100,3.6%
Bodfish,400,400,100,14.6%
Boron,800,800,0,3.9%
Buttonwillow,600,500,100,10.7%
California,"4,900","4,100",800,16.3%
China Lake Acres,700,600,100,13.4%
Delano,"21,300","17,400","3,900",18.3%
Derby Acres,100,100,0,3.7%
Dustin Acres,300,300,0,7.0%
Edwards AFB,400,400,0,6.9%
Fellows,0,0,0,3.8%
Ford,"2,100","1,900",200,8.0%
Frazier Park,900,900,100,8.2%
Golden Hills,"4,300","4,200",200,3.7%
Inyokern,300,300,0,0.0%
Johannesburg,0,0,0,0.0%
Keene,100,100,0,19.7%
Kernville,600,600,0,0.0%
Lake Isabella,"1,600","1,500",100,9.0%
Lake of the Woods,500,500,0,3.3%
Lamont,"7,300","6,900",400,5.8%
Lebec,900,700,100,13.5%
Lost Hills,900,900,0,3.5%
Maricopa,300,300,0,11.3%
McFarland,"5,600","5,000",500,9.8%
McKittrick,100,0,0,14.3%
Mettler,100,100,0,10.8%
Mojave,"1,800","1,600",300,14.2%
Mountain Mesa,100,100,0,10.9%
North Edwards,400,400,0,9.7%
Oildale,"15,400","13,700","1,700",10.9%
Onyx,200,200,0,0.0%
Pine Mountain Club,700,700,0,5.0%
Randsburg,0,0,0,0.0%
Ridgecrest,"14,100","13,600",500,3.4%
Rosamond,"8,900","8,100",800,9.0%
Rosedale,"8,600","8,200",400,4.9%
Shafter,"7,500","6,900",700,8.7%
South Taft,600,500,100,13.1%
Squirrel Mountain Valley,300,300,0,6.3%
Stallion Springs,"1,300","1,100",100,11.5%
Taft,"3,000","2,900",100,3.4%
Taft Heights,"1,200","1,100",100,8.8%
Tehachapi,"3,900","3,700",200,4.5%
Tupman,100,0,0,17.3%
Valley Acres,200,200,0,6.2%
Wasco,"8,700","7,700","1,000",11.5%
Weedpatch,900,800,100,8.5%
Weldon,900,900,100,7.1%
Wofford Heights,600,600,0,2.4%
Angels,"1,860","1,850",0,0.2%
Arnold,"1,300","1,240",60,4.6%
Avery,320,300,20,6.8%
Copperopolis,"2,370","2,300",70,3.0%
Dorrington,80,80,0,0.0%
Forest Meadows,830,790,40,5.2%
Mokelumne Hill,220,180,50,21.4%
Mountain Ranch,420,390,30,6.9%
Murphys,910,890,30,2.7%
Rancho Calaveras,"3,180","3,070",120,3.7%
San Andreas,"1,560","1,530",30,1.8%
Valley Springs,"2,060","2,040",20,1.2%
West Point,180,180,0,0.0%
Biggs,800,800,100,6.0%
Chico,"48,400","46,300","2,100",4.4%
Concow,200,200,0,9.5%
Durham,"2,900","2,900",100,2.7%
Gridley,"2,800","2,600",200,5.6%
Magalia,"4,600","4,400",200,4.5%
Oroville,"6,700","6,400",300,4.7%
Oroville East,"2,900","2,800",100,5.1%
Palermo,"2,000","1,800",200,10.3%
Paradise town,"10,900","10,600",300,3.2%
South Oroville,"1,100","1,000",100,7.7%
Thermalito,"2,400","2,200",200,7.5%
Arbuckle,"1,950","1,740",210,10.5%
Colusa,"3,100","2,860",240,7.9%
Williams,"2,920","2,730",200,6.7%
Alamo,"7,100","7,000",200,2.1%
Antioch,"51,500","49,400","2,100",4.1%
Bay Point,"11,200","10,500",700,6.6%
Bethel Island,900,900,0,1.3%
Brentwood,"29,200","28,200","1,000",3.3%
Byron,800,700,0,3.9%
Clayton,"6,100","6,000",100,1.8%
Clyde,600,600,0,1.4%
Concord,"66,900","64,900","2,100",3.1%
Crockett,"1,700","1,700",100,3.7%
Danville town,"21,100","20,500",600,2.9%
Diablo,100,100,0,0.0%
Discovery Bay,"7,900","7,600",200,3.1%
East Richmond Heights,"2,100","2,000",0,1.6%
El Cerrito,"14,000","13,700",400,2.6%
El Sobrante,"7,600","7,300",300,3.6%
Hercules,"14,100","13,700",400,2.9%
Kensington,"3,000","2,900",100,1.7%
Knightsen,700,700,0,3.8%
Lafayette,"12,800","12,500",300,2.7%
Martinez,"20,900","20,300",600,3.0%
Mountain View,"1,400","1,300",100,5.5%
Oakley,"19,900","19,200",700,3.4%
Orinda,"9,200","9,000",200,1.9%
Pacheco,"2,500","2,400",100,4.7%
Pinole,"10,300","10,000",300,2.7%
Pittsburg,"34,700","33,400","1,300",3.9%
Pleasant Hill,"18,400","17,900",500,2.8%
Port Costa,200,200,0,0.0%
Richmond,"53,600","51,600","2,000",3.7%
Rodeo,"5,000","4,800",200,4.0%
Rollingwood,"1,500","1,400",100,4.4%
San Pablo,"14,100","13,600",500,3.6%
San Ramon,"40,300","39,200","1,100",2.7%
Tara Hills,"2,500","2,400",100,4.6%
Vine Hill,"1,800","1,700",100,4.0%
Walnut Creek,"34,800","33,900",900,2.7%
Bertsch Oceanview,820,730,90,11.0%
Crescent,"1,530","1,450",80,5.2%
Klamath,280,260,30,9.5%
Brawley,"10,000","8,300","1,700",16.8%
Calexico,"19,500","12,200","7,400",37.7%
Calipatria,"1,200",900,300,26.2%
El Centro,"18,200","15,200","3,000",16.3%
Heber,"1,800","1,300",500,26.9%
Holtville,"2,500","1,900",600,23.2%
Imperial,"7,800","6,500","1,300",16.6%
Westmorland,900,700,200,18.2%
Cameron Park,"9,600","9,300",300,3.3%
Diamond Springs,"5,000","4,700",300,5.1%
El Dorado Hills,"22,900","22,200",700,2.9%
Georgetown,"1,000","1,000",0,4.8%
Placerville,"4,800","4,600",200,3.8%
Pollock Pines,"3,200","3,100",100,3.0%
Shingle Springs,"2,100","2,100",100,3.2%
South Lake Tahoe,"12,500","12,000",500,4.3%
Auberry,"1,100","1,000",0,3.2%
Biola,600,500,100,14.7%
Calwa,800,800,100,9.6%
Cantua Creek,100,100,0,4.8%
Caruthers,"1,400","1,300",100,7.8%
Clovis,"55,200","52,700","2,500",4.6%
Coalinga,"6,400","6,000",500,7.1%
Del Rey,600,500,0,7.5%
Easton,"1,100","1,000",100,7.5%
Firebaugh,"3,900","3,500",400,11.1%
Fowler,"3,000","2,800",200,6.1%
Fresno,"239,500","224,800","14,700",6.1%
Friant,200,200,0,10.9%
Huron,"2,800","2,600",200,7.3%
Kerman,"6,900","6,500",400,5.5%
Kingsburg,"5,700","5,400",300,6.0%
Lanare,100,100,0,7.1%
Laton,800,700,100,8.3%
Mendota,"5,000","4,300",800,15.4%
Orange Cove,"3,700","3,400",300,8.8%
Parlier,"6,700","6,300",400,6.7%
Raisin,100,100,0,5.2%
Reedley,"12,400","11,100","1,400",10.9%
Riverdale,"1,500","1,400",100,8.0%
San Joaquin,"1,500","1,400",100,6.3%
Sanger,"11,800","10,900","1,000",8.1%
Selma,"10,800","10,200",600,5.6%
Shaver Lake,300,300,0,0.7%
Squaw Valley,"1,400","1,400",100,5.9%
Tranquillity,300,300,0,0.0%
Hamilton,950,930,20,2.4%
Orland,"3,640","3,390",250,6.9%
Willows,"2,630","2,460",170,6.4%
Armona,"1,500","1,300",100,9.9%
Avenal,"3,800","3,500",300,9.1%
Corcoran,"4,600","3,900",600,14.1%
Hanford,"25,400","23,800","1,600",6.2%
Home Garden,800,700,100,10.3%
Kettleman,800,700,100,6.8%
Lemoore,"12,300","11,700",600,5.0%
Lemoore Station,"1,400","1,300",100,7.2%
Stratford,400,300,100,21.5%
Arcata,"9,100","8,500",600,6.1%
Blue Lake,600,600,0,2.1%
Eureka,"12,800","12,300",500,3.9%
Ferndale,700,700,0,1.4%
Fortuna,"5,000","4,800",200,4.4%
Hydesville,500,500,0,0.8%
McKinleyville,"8,000","7,700",300,3.5%
Redway,800,700,0,4.6%
Rio Dell,"1,300","1,300",0,2.6%
Trinidad,100,100,0,0.0%
Willow Creek,400,400,0,2.4%
Big Pine,710,660,50,6.5%
Bishop,"1,820","1,790",30,1.8%
Cartago,10,10,0,0.0%
Darwin,0,0,0,0.0%
Dixon Lane Meadow Creek,"1,250","1,210",40,3.0%
Furnace Creek,130,130,0,0.8%
Independence,260,250,10,2.7%
Keeler,0,0,0,0.0%
Lone Pine,840,810,30,3.6%
Mesa,160,160,10,3.7%
Olancha,130,120,10,7.8%
Round Valley,220,220,0,0.9%
Shoshone,10,10,0,0.0%
Tecopa,50,30,20,31.3%
West Bishop,"1,400","1,370",30,2.1%
Wilkerson,260,260,10,2.3%
Clearlake,"6,360","5,940",420,6.5%
Clearlake Oaks,820,770,60,6.7%
Cobb,560,550,10,2.3%
Hidden Valley Lake,"3,060","3,010",50,1.7%
Kelseyville,"1,380","1,300",80,6.1%
Lakeport,"2,550","2,490",70,2.6%
Lower Lake,680,660,20,3.1%
Lucerne,"1,390","1,330",70,4.7%
Middletown,440,420,20,4.1%
Nice,"1,040",990,40,4.1%
North Lakeport,"1,630","1,590",50,2.9%
Upper Lake,510,500,10,2.3%
Susanville,"3,100","2,970",130,4.2%
Westwood,800,780,20,2.9%
Acton,"3,700","3,400",200,6.6%
Agoura Hills,"11,600","11,100",500,4.2%
Alhambra,"46,500","44,700","1,800",3.9%
Alondra Park,"3,700","3,500",200,5.8%
Altadena,"23,900","23,100",900,3.6%
Arcadia,"29,800","28,700","1,100",3.6%
Artesia,"8,000","7,800",200,2.8%
Avalon,"2,000","2,000",0,1.3%
Avocado Heights,"7,800","7,300",500,5.8%
Azusa,"25,000","23,900","1,100",4.5%
Baldwin Park,"34,700","33,000","1,700",4.9%
Bell,"15,100","14,400",800,5.2%
Bell Gardens,"18,100","17,300",800,4.5%
Bellflower,"36,600","34,600","2,000",5.3%
Beverly Hills,"18,400","17,600",700,4.1%
Bradbury,500,500,0,3.0%
Burbank,"59,400","56,300","3,100",5.2%
Calabasas,"12,300","11,900",400,3.1%
Carson,"46,300","43,900","2,400",5.2%
Cerritos,"25,500","24,500","1,000",3.9%
Charter Oak,"4,800","4,500",300,5.5%
Citrus,"5,500","5,200",200,4.3%
Claremont,"17,000","16,200",800,4.5%
Commerce,"6,000","5,600",400,6.7%
Compton,"39,500","36,900","2,600",6.6%
Covina,"24,100","22,900","1,100",4.7%
Cudahy,"10,100","9,700",500,4.6%
Culver,"22,900","21,900","1,000",4.3%
Del Aire,"5,700","5,500",300,4.4%
Desert View Highlands,"1,000",900,100,6.7%
Diamond Bar,"30,400","29,200","1,200",3.9%
Downey,"57,500","54,900","2,600",4.5%
Duarte,"11,200","10,600",600,5.3%
East Los Angeles,"57,600","53,100","4,500",7.8%
East Pasadena,"3,200","3,100",100,2.4%
East San Gabriel,"7,700","7,600",100,1.5%
El Monte,"51,600","49,300","2,300",4.4%
El Segundo,"9,700","9,300",400,3.8%
Florence Graham,"27,400","25,700","1,700",6.3%
Gardena,"30,400","28,900","1,500",4.9%
Glendale,"103,700","99,300","4,500",4.3%
Glendora,"26,200","25,100","1,100",4.2%
Hacienda Heights,"26,200","25,200",900,3.5%
Hawaiian Gardens,"6,000","5,700",400,6.3%
Hawthorne,"44,900","42,800","2,100",4.6%
Hermosa Beach,"12,600","12,400",300,2.2%
Hidden Hills,600,600,0,3.9%
Huntington Park,"26,700","25,400","1,300",4.8%
Industry,200,100,0,7.6%
Inglewood,"53,000","50,000","3,000",5.7%
Irwindale,600,600,0,7.2%
La Canada Flintridge,"9,700","9,500",200,2.0%
La Crescenta Montrose,"10,300","10,000",300,2.9%
La Habra Heights,"2,500","2,400",100,2.2%
La Mirada,"24,300","23,300","1,100",4.5%
La Puente,"19,100","18,200",900,4.5%
La Verne,"16,100","15,400",700,4.5%
Ladera Heights,"3,600","3,400",200,5.6%
Lake Los Angeles,"4,000","3,600",300,8.7%
Lakewood,"43,100","41,200","1,900",4.4%
Lancaster,"65,100","60,800","4,300",6.7%
Lawndale,"16,700","15,900",700,4.3%
Lennox,"10,600","10,000",600,5.9%
Littlerock,500,500,0,6.8%
Lomita,"11,500","11,000",500,4.0%
Long Beach,"239,200","227,100","12,100",5.1%
Los Angeles,"2,066,100","1,968,400","97,700",4.7%
Lynwood,"28,600","27,000","1,600",5.7%
Malibu,"6,600","6,400",200,2.9%
Manhattan Beach,"19,900","19,200",700,3.5%
Marina del Rey,"7,100","6,900",200,3.1%
Mayflower Village,"3,100","3,000",100,3.4%
Maywood,"12,400","11,900",500,4.2%
Monrovia,"21,000","20,200",800,3.9%
Montebello,"29,100","27,600","1,500",5.2%
Monterey Park,"29,500","28,300","1,200",4.1%
North El Monte,"1,800","1,800",0,2.1%
Norwalk,"50,700","48,200","2,500",4.9%
Palmdale,"64,300","60,300","4,000",6.2%
Palos Verdes Estates,"5,700","5,600",100,2.0%
Paramount,"24,800","23,500","1,300",5.3%
Pasadena,"79,200","76,000","3,200",4.0%
Pico Rivera,"30,500","28,900","1,500",5.0%
Pomona,"67,900","64,500","3,500",5.1%
Quartz Hill,"4,200","4,000",200,4.8%
Rancho Palos Verdes,"19,800","19,000",800,4.0%
Redondo Beach,"41,400","39,800","1,600",3.8%
Rolling Hills,600,600,0,4.1%
Rolling Hills Estates,"3,500","3,400",100,2.5%
Rosemead,"25,200","24,100","1,100",4.5%
Rowland Heights,"24,700","24,000",800,3.1%
San Dimas,"18,000","17,200",800,4.3%
San Fernando,"11,800","11,200",600,4.9%
San Gabriel,"21,500","20,600",800,3.9%
San Marino,"5,600","5,500",100,2.2%
Santa Clarita,"112,600","107,900","4,800",4.2%
Santa Fe Springs,"8,300","8,100",300,3.0%
Santa Monica,"56,600","54,100","2,600",4.5%
Sierra Madre,"5,800","5,600",200,3.8%
Signal Hill,"6,300","6,100",200,3.9%
South El Monte,"9,300","8,900",400,4.2%
South Gate,"42,800","40,700","2,100",4.9%
South Pasadena,"15,000","14,400",600,4.2%
South San Gabriel,"4,100","4,000",100,3.5%
South San Jose Hills,"9,200","8,600",600,6.1%
South Whittier,"27,200","26,200","1,000",3.8%
Temple,"18,300","17,600",700,3.9%
Torrance,"78,600","75,600","3,000",3.8%
Val Verde,"1,600","1,500",100,8.2%
Valinda,"12,600","11,900",700,5.9%
Vernon,0,0,0,7.1%
View Park Windsor Hills,"5,500","5,100",500,8.4%
Walnut,"16,000","15,400",600,3.5%
Walnut Park,"7,600","7,300",400,5.1%
West Athens,"4,600","4,200",300,7.5%
West Carson,"11,300","10,800",500,4.2%
West Covina,"53,100","50,600","2,400",4.6%
West Hollywood,"27,200","25,800","1,400",5.0%
West Puente Valley,"11,300","10,600",700,6.2%
West Whittier Los Nietos,"12,800","12,300",400,3.2%
Westlake Village,"4,000","3,900",100,2.5%
Westmont,"13,300","12,100","1,100",8.5%
Whittier,"44,100","41,900","2,100",4.9%
Willowbrook,"9,600","8,900",700,7.1%
Bonadelle Ranchos Madera Ranchos,"4,300","4,100",200,4.6%
Chowchilla,"4,400","4,200",200,5.0%
Madera Acres,"5,000","4,800",200,4.3%
Madera,"27,600","25,700","1,900",7.0%
Oakhurst,"1,800","1,700",100,6.4%
Parksdale,"1,200","1,100",100,7.0%
Parkwood,"1,000",900,100,8.4%
Yosemite Lakes,"1,900","1,800",100,6.9%
Bootjack,330,320,10,4.2%
Mariposa,680,670,10,1.3%
Yosemite Valley,"1,010","1,000",10,1.0%
Covelo,440,410,20,5.1%
Fort Bragg,"3,450","3,350",90,2.7%
Laytonville,440,390,50,10.9%
Mendocino,390,390,0,0.0%
Point Arena,270,260,10,2.6%
Ukiah,"7,300","6,940",360,4.9%
Willits,"1,910","1,860",40,2.3%
Atwater,"12,200","11,300",900,7.5%
Delhi,"5,000","4,600",400,7.3%
Dos Palos,"2,100","1,900",200,7.3%
Gustine,"2,800","2,500",200,8.0%
Hilmar Irwin,"2,800","2,800",100,1.9%
Le Grand,800,700,100,7.4%
Livingston,"6,900","6,600",300,4.5%
Los Banos,"16,600","15,300","1,200",7.5%
Merced,"34,900","32,600","2,400",6.7%
Planada,"2,000","1,800",200,9.8%
South Dos Palos,"1,100",900,200,16.9%
Winton,"4,900","4,400",500,11.0%
Bret Harte,"2,000","1,800",300,12.6%
Bystrom,"1,700","1,500",100,8.0%
Ceres,"21,800","20,300","1,400",6.6%
Denair,"2,600","2,500",100,3.2%
East Oakdale,"1,600","1,500",100,4.4%
Empire,"1,700","1,600",100,7.6%
Hughson,"3,200","3,000",200,6.0%
Keyes,"2,600","2,400",200,7.9%
Modesto,"96,500","91,000","5,500",5.7%
Newman,"4,500","4,200",300,6.7%
Oakdale,"9,500","8,900",600,6.4%
Patterson,"10,200","9,600",600,5.7%
Riverbank,"12,000","11,400",500,4.4%
Salida,"7,200","6,900",300,4.4%
Turlock,"34,600","32,800","1,800",5.1%
Waterford,"3,600","3,200",400,10.3%
West Modesto,"2,100","1,800",300,14.4%
Alturas,"1,060","1,010",50,5.0%
Mammoth Lakes town,"5,970","5,920",50,0.9%
American Canyon,"10,600","10,200",400,3.9%
Angwin,"2,100","2,100",100,3.0%
Calistoga,"2,700","2,700",100,2.3%
Deer Park,400,400,0,3.8%
Napa,"42,800","41,600","1,200",2.7%
St. Helena,"3,000","2,900",100,2.7%
Yountville town,"1,200","1,200",0,1.9%
Alta Sierra,"3,680","3,650",30,0.8%
Grass Valley,"5,790","5,500",290,4.9%
Lake of the Pines,"2,180","2,100",80,3.8%
Lake Wildwood,"2,080","2,080",0,0.0%
Nevada,"1,440","1,420",20,1.4%
Penn Valley,770,670,90,12.1%
Truckee town,"10,730","10,470",260,2.4%
Camarillo,"33,000","32,000","1,000",3.2%
Casa Conejo,"1,700","1,600",100,5.3%
Channel Islands Beach,"1,500","1,400",100,9.2%
El Rio,"3,200","3,000",200,5.4%
Fillmore,"7,000","6,800",300,3.8%
Meiners Oaks,"1,800","1,700",0,2.0%
Mira Monte,"3,500","3,400",100,3.7%
Moorpark,"19,300","18,700",600,3.3%
Oak Park,"7,100","6,800",300,4.0%
Oak View,"2,200","2,100",100,3.4%
Ojai,"3,500","3,400",100,3.3%
Oxnard,"99,700","94,300","5,400",5.4%
Piru,800,800,0,3.5%
Port Hueneme,"10,300","10,000",300,3.4%
San Buenaventura (Ventura),"55,000","53,200","1,800",3.3%
Santa Paula,"13,400","12,700",700,5.1%
Simi Valley,"66,700","64,700","2,100",3.1%
Thousand Oaks,"64,100","62,200","1,900",3.0%
Auburn,"6,900","6,700",200,3.2%
Colfax,"1,100","1,000",100,5.9%
Dollar Point,600,600,0,1.8%
Foresthill,700,700,0,2.7%
Granite Bay,"10,800","10,500",300,3.2%
Kings Beach,"1,900","1,900",0,2.0%
Lincoln,"19,200","18,600",700,3.5%
Loomis town,"3,200","3,000",100,4.3%
Meadow Vista,"1,600","1,600",0,2.9%
North Auburn,"5,600","5,300",200,3.8%
Rocklin,"32,600","31,500","1,100",3.3%
Roseville,"68,000","65,800","2,200",3.2%
Sunnyside Tahoe,700,700,0,4.3%
Tahoe Vista,900,800,0,2.7%
Beckwourth,110,110,0,0.0%
Belden,0,0,0,0.0%
Bucks Lake,20,20,0,0.0%
C Road,80,70,10,11.4%
Canyondam,30,10,20,64.7%
Chester,"1,220","1,170",50,4.2%
Chilcoot Vinton,10,0,10,100.0%
Clio,20,20,0,0.0%
Crescent Mills,130,130,0,0.0%
Cromberg,60,60,0,0.0%
Delleker,260,260,0,0.0%
East Quincy,"1,240","1,200",50,3.6%
East Shore,120,90,30,21.6%
Graeagle,290,280,10,2.8%
Greenhorn,140,120,10,8.1%
Greenville,250,250,0,1.6%
Hamilton Branch,240,200,30,14.3%
Indian Falls,0,0,0,0.0%
Iron Horse,180,160,30,13.7%
Johnsville,0,0,0,0.0%
Keddie,20,20,10,20.8%
La Porte,0,0,0,0.0%
Lake Almanor Country Club,90,90,0,0.0%
Lake Almanor Peninsula,100,100,0,0.0%
Lake Almanor West,60,60,10,8.2%
Little Grass Valley,0,0,0,0.0%
Meadow Valley,210,180,30,12.9%
Mohawk Vista,70,70,10,8.3%
Paxton,0,0,0,0.0%
Plumas Eureka,110,110,0,3.7%
Portola,830,750,80,9.8%
Prattville,10,10,0,0.0%
Quincy,900,860,40,4.7%
Spring Garden,0,0,0,0.0%
Taylorsville,70,50,20,22.9%
Tobin,0,0,0,0.0%
Twain,0,0,0,0.0%
Valley Ranch,0,0,0,0.0%
Whitehawk,10,10,0,0.0%
Anderson,"4,200","3,900",300,6.1%
Burney,"1,300","1,300",100,3.9%
Cottonwood,"1,300","1,200",100,6.0%
Fall River Mills,200,100,0,11.9%
Redding,"39,700","38,100","1,600",4.1%
Shasta Lake,"4,400","4,200",200,4.6%
Shingletown,600,600,0,6.4%
Banning,"11,200","10,600",600,5.3%
Beaumont,"21,900","21,200",700,3.3%
Bermuda Dunes,"3,900","3,700",200,4.1%
Blythe,"6,000","5,800",300,4.7%
Cabazon,"1,400","1,300",200,10.4%
Calimesa,"3,400","3,200",200,4.8%
Canyon Lake,"5,600","5,400",200,3.2%
Cathedral,"26,600","25,100","1,500",5.5%
Cherry Valley,"3,400","3,300",100,4.0%
Coachella,"20,500","17,900","2,700",13.0%
Corona,"84,000","81,300","2,600",3.1%
Desert Hot Springs,"11,700","10,900",800,6.9%
East Hemet,"8,000","7,400",600,7.8%
Eastvale,"31,900","30,900","1,000",3.0%
El Cerrito,"2,400","2,300",100,3.1%
Hemet,"29,600","27,900","1,700",5.8%
Highgrove,"2,200","2,000",200,8.0%
Home Gardens,"5,600","5,400",200,3.5%
Homeland,"3,000","2,900",200,5.0%
Idyllwild Pine Cove,"1,400","1,300",0,1.8%
Indian Wells,"1,800","1,800",0,2.6%
Indio,"41,100","38,300","2,900",7.0%
Jurupa Valley,"47,800","46,000","1,800",3.7%
La Quinta,"19,300","18,200","1,100",5.8%
Lake Elsinore,"29,900","28,700","1,200",3.9%
Lakeland Village,"5,800","5,400",400,7.4%
Lakeview,"1,100","1,000",100,5.6%
March AFB,300,300,0,4.8%
Mecca,"3,400","3,200",200,4.7%
Menifee,"38,600","37,000","1,600",4.1%
Moreno Valley,"94,400","90,200","4,200",4.5%
Murrieta,"55,100","53,300","1,800",3.4%
Norco,"11,700","11,300",400,3.6%
Nuevo,"3,100","2,900",200,5.6%
Palm Desert,"25,200","23,700","1,600",6.2%
Palm Springs,"23,100","22,000","1,100",4.9%
Perris,"30,500","29,000","1,400",4.7%
Rancho Mirage,"6,400","6,200",200,3.7%
Riverside,"153,600","147,800","5,800",3.7%
Romoland,800,800,0,2.8%
San Jacinto,"18,700","17,800","1,000",5.2%
Temecula,"55,200","53,300","1,900",3.4%
Thousand Palms,"2,800","2,700",100,3.5%
Valle Vista,"6,600","6,200",300,5.0%
Wildomar,"17,500","16,900",700,3.8%
Winchester,"1,200","1,100",100,7.8%
Woodcrest,"8,400","8,000",300,4.1%
Arden Arcade,"45,800","43,400","2,500",5.4%
Carmichael,"31,200","29,900","1,300",4.1%
Citrus Heights,"44,000","42,400","1,600",3.7%
Elk Grove,"83,400","80,500","2,900",3.4%
Fair Oaks,"15,300","14,700",500,3.4%
Florin,"20,400","19,200","1,200",5.8%
Folsom,"37,500","36,300","1,100",3.0%
Foothill Farms,"15,300","14,700",600,4.2%
Galt,"11,500","11,000",500,4.3%
Gold River,"3,500","3,400",100,2.9%
Isleton,300,300,0,5.5%
La Riviera,"5,800","5,600",200,2.8%
North Highlands,"19,500","18,900",600,3.3%
Orangevale,"17,200","16,800",500,2.7%
Rancho Cordova,"35,200","33,800","1,400",4.0%
Rancho Murieta,"2,200","2,200",0,1.7%
Rio Linda,"6,800","6,500",200,3.2%
Rosemont,"12,400","11,900",500,3.9%
Sacramento,"236,000","226,600","9,400",4.0%
Vineyard,"13,200","12,800",400,2.9%
Walnut Grove,700,700,0,6.1%
Wilton,"2,400","2,400",0,1.6%
Aromas  (Monterey Co),"1,500","1,500",100,4.7%
Boronda,400,400,0,1.6%
Bradley,100,100,0,2.3%
Carmel by the Sea,"1,700","1,700",0,0.1%
Carmel Valley Village,"2,600","2,500",100,5.3%
Castroville,"3,600","3,300",300,8.4%
Chualar,800,700,0,5.5%
Del Monte Forest,"1,800","1,700",100,7.1%
Del Rey Oaks,"1,000","1,000",0,4.3%
Elkhorn,700,700,0,0.0%
Gonzales,"4,200","4,100",0,1.1%
Greenfield,"8,400","8,000",400,4.7%
King,"6,700","6,300",300,4.7%
Las Lomas,"2,300","2,200",100,5.7%
Marina,"13,400","12,900",500,3.5%
Monterey,"16,700","16,200",500,3.2%
Moss Landing,100,100,0,0.0%
Pacific Grove,"9,200","8,900",300,3.1%
Pajaro,"1,900","1,600",300,13.7%
Prunedale,"12,700","12,200",600,4.5%
Salinas,"83,800","79,600","4,200",5.0%
San Ardo,200,200,0,1.0%
San Lucas,200,100,0,12.3%
Sand,200,200,0,2.4%
Seaside,"18,800","18,200",600,3.2%
Soledad,"8,400","7,900",500,5.6%
Spreckels,300,300,0,0.0%
Hollister,"19,500","18,600","1,000",4.9%
Ridgemark,"1,500","1,400",0,2.5%
San Juan Bautista,"1,100","1,000",0,3.4%
Adelanto,"9,700","8,900",800,8.1%
Apple Valley town,"29,200","27,700","1,500",5.0%
Barstow,"8,700","8,200",500,6.1%
Big Bear,"5,900","5,700",200,3.1%
Big Bear Lake,"2,400","2,300",0,1.9%
Big River,400,400,0,4.9%
Bloomington,"10,500","9,900",500,5.1%
Bluewater,0,0,0,0.0%
Chino,"42,800","41,300","1,500",3.5%
Chino Hills,"44,000","42,800","1,200",2.7%
Colton,"24,800","23,700","1,100",4.3%
Crestline,"4,600","4,500",100,2.1%
Fontana,"98,800","95,100","3,700",3.8%
Grand Terrace,"6,300","6,000",200,3.8%
Hesperia,"35,900","34,000","1,900",5.4%
Highland,"24,800","23,700","1,000",4.1%
Joshua Tree,"2,900","2,700",200,6.1%
Lake Arrowhead,"4,900","4,800",100,2.6%
Lenwood,"2,200","2,100",0,1.7%
Loma Linda,"11,500","11,200",300,2.5%
Mentone,"5,200","5,000",200,3.7%
Montclair,"19,200","18,600",600,3.2%
Morongo Valley,"1,600","1,600",100,4.2%
Mountain View Acres,"1,300","1,200",100,7.1%
Muscoy,"4,500","4,100",500,10.0%
Needles,"1,800","1,700",0,2.4%
Ontario,"86,300","83,200","3,100",3.6%
Rancho Cucamonga,"96,600","93,600","3,000",3.1%
Redlands,"35,700","34,600","1,100",3.1%
Rialto,"45,000","42,900","2,100",4.7%
Running Springs,"2,100","2,000",100,4.8%
San Antonio Heights,"1,700","1,700",0,1.0%
San Bernardino,"85,200","80,800","4,400",5.1%
Searles Valley,600,600,100,9.8%
Twentynine Palms,"7,100","6,700",400,5.5%
Upland,"39,700","38,300","1,400",3.4%
Victorville,"46,300","43,500","2,800",6.0%
Wrightwood,"2,100","2,000",100,3.0%
Yucaipa,"25,300","24,400",800,3.4%
Yucca Valley town,"8,600","8,200",500,5.6%
Bonita,"6,100","5,800",300,4.3%
Bostonia,"8,100","7,600",600,7.3%
Carlsbad,"55,500","53,800","1,700",3.1%
Casa de Oro Mount Helix,"9,900","9,500",400,3.7%
Chula Vista,"123,700","119,300","4,500",3.6%
Coronado,"8,800","8,500",300,3.3%
Del Mar,"2,500","2,400",0,1.8%
El Cajon,"45,700","43,900","1,800",3.9%
Encinitas,"33,600","32,700",900,2.6%
Escondido,"69,800","67,600","2,200",3.2%
Fallbrook,"13,500","13,100",400,3.2%
Imperial Beach,"12,000","11,600",500,3.9%
La Mesa,"31,000","30,000","1,000",3.3%
Lakeside,"10,800","10,400",400,3.7%
Lemon Grove,"12,600","12,100",500,3.8%
National,"24,900","23,900","1,000",4.1%
Oceanside,"82,900","80,100","2,900",3.5%
Poway,"26,000","25,300",700,2.6%
Ramona,"11,300","10,900",300,3.0%
San Diego,"722,100","698,600","23,500",3.2%
San Marcos,"42,600","41,300","1,300",3.1%
Santee,"29,500","28,600",900,3.0%
Solana Beach,"7,300","7,200",100,1.7%
Spring Valley,"14,100","13,400",700,4.8%
Valley Center,"4,600","4,400",200,3.6%
Vista,"45,500","43,900","1,600",3.5%
San Francisco,"586,900","573,600","13,300",2.3%
Arroyo Grande,"9,000","8,700",200,2.7%
Atascadero,"15,100","14,700",500,3.0%
Cambria,"2,600","2,500",100,4.6%
Cayucos,"1,400","1,400",0,2.5%
El Paso de Robles (Paso Robles),"15,800","15,300",500,2.9%
Grover Beach,"6,600","6,400",200,3.0%
Lake Nacimiento,"1,200","1,100",0,2.2%
Morro Bay,"4,900","4,800",200,3.5%
Nipomo,"8,900","8,600",300,3.6%
Oceano,"3,600","3,500",100,4.0%
Pismo Beach,"4,200","4,100",100,2.5%
San Luis Obispo,"24,900","24,200",700,2.8%
San Miguel,"1,300","1,200",100,7.9%
Shandon,700,600,0,5.0%
Templeton,"3,900","3,800",100,1.4%
Atherton town,"3,300","3,200",100,2.3%
Belmont,"17,000","16,600",400,2.2%
Brisbane,"3,000","2,900",100,1.7%
Broadmoor,"3,400","3,200",200,4.8%
Burlingame,"18,700","18,400",400,2.0%
Daly,"66,100","64,600","1,500",2.2%
East Palo Alto,"15,300","14,900",400,2.5%
El Granada,"4,000","3,900",100,2.9%
Foster,"20,500","20,100",400,2.0%
Half Moon Bay,"8,000","7,900",100,1.5%
Hillsborough town,"5,200","5,100",100,2.2%
Menlo Park,"20,100","19,700",400,2.1%
Millbrae,"13,100","12,800",300,2.2%
North Fair Oaks,"9,100","8,800",200,2.6%
Pacifica,"24,800","24,300",500,2.1%
Redwood,"52,100","51,100","1,100",2.1%
San Bruno,"27,500","26,900",600,2.2%
San Carlos,"18,100","17,700",400,2.1%
San Mateo,"65,700","64,400","1,300",2.0%
South San Francisco,"40,000","39,000","1,000",2.4%
West Menlo Park,"2,000","1,900",0,2.4%
Corte Madera town,"5,500","5,300",100,2.5%
Fairfax town,"4,700","4,700",100,1.8%
Inverness,600,600,0,0.6%
Larkspur,"6,800","6,700",200,2.2%
Mill Valley,"7,300","7,200",100,1.2%
Novato,"30,200","29,400",800,2.5%
Point Reyes Station,200,200,0,0.0%
San Anselmo town,"7,400","7,200",200,2.8%
San Rafael,"33,000","32,200",800,2.3%
Sausalito,"4,700","4,600",100,2.2%
Tamalpais Homestead Valley,"6,100","5,900",200,3.2%
Tomales,300,300,0,0.0%
Campbell,"26,400","25,800",600,2.4%
Cupertino,"30,300","29,600",800,2.5%
East Foothills,"3,800","3,800",100,1.5%
Gilroy,"30,100","29,300",900,2.9%
Los Altos,"15,100","14,700",400,2.6%
Los Gatos town,"16,400","15,900",500,2.8%
Milpitas,"42,300","41,100","1,200",2.9%
Morgan Hill,"24,500","23,800",600,2.6%
Mountain View,"52,200","51,100","1,000",2.0%
Palo Alto,"36,400","35,700",700,2.0%
San Jose,"563,300","547,600","15,700",2.8%
San Martin,"4,000","3,900",100,2.7%
Santa Clara,"71,200","69,400","1,700",2.5%
Saratoga,"15,200","14,800",400,2.7%
Sunnyvale,"89,000","87,100","1,900",2.1%
Aptos,"3,500","3,400",100,2.3%
Aptos Hills Larkin Valley,"1,200","1,200",100,7.0%
Ben Lomond,"3,800","3,700",100,2.4%
Boulder Creek,"2,500","2,400",200,6.0%
Capitola,"5,700","5,600",100,1.8%
Corralitos,"1,600","1,500",0,1.6%
Day Valley,"1,700","1,700",0,2.6%
Felton,"2,100","2,000",100,5.1%
Freedom,"1,600","1,500",0,2.1%
Interlaken,"3,300","3,200",100,3.1%
Live Oak,"9,400","9,100",200,2.5%
Rio del Mar,"4,800","4,700",100,3.0%
Santa Cruz,"34,100","32,800","1,300",3.8%
Scotts Valley,"6,200","6,000",200,3.0%
Soquel,"6,200","6,000",200,3.6%
Twin Lakes,"2,900","2,700",200,5.7%
Watsonville,"25,200","23,900","1,200",5.0%
Buellton,"2,800","2,800",0,1.2%
Carpinteria,"7,500","7,200",300,3.5%
Goleta,"17,300","16,900",400,2.5%
Guadalupe,"3,200","3,100",100,3.0%
Isla Vista,"12,800","11,900","1,000",7.7%
Lompoc,"17,500","16,700",800,4.5%
Los Alamos,700,700,0,4.8%
Mission Canyon,"1,500","1,400",0,3.3%
Mission Hills,"2,100","2,000",100,5.1%
Montecito,"3,400","3,200",200,4.5%
Orcutt,"14,700","14,200",500,3.4%
Santa Barbara,"51,100","49,700","1,400",2.8%
Santa Maria,"48,500","46,500","2,000",4.1%
Santa Ynez,"2,300","2,200",100,5.2%
Solvang,"3,000","3,000",100,2.1%
Summerland,500,500,0,2.2%
Toro Canyon,800,800,0,2.3%
Vandenberg AFB,900,800,0,4.1%
Vandenberg Village,"3,400","3,300",100,3.0%
Bodega Bay,500,500,0,1.7%
Boyes Hot Springs,"4,000","3,900",100,2.6%
Cloverdale,"4,500","4,400",100,1.8%
Cotati,"4,400","4,300",100,2.5%
El Verano,"2,000","2,000",0,1.9%
Fetters Hot Springs Agua Caliente,"2,600","2,500",100,2.7%
Forestville,"2,100","2,000",100,3.0%
Glen Ellen,500,500,0,0.0%
Graton,800,700,0,5.8%
Guerneville,"2,400","2,300",100,3.0%
Healdsburg,"6,200","6,000",100,2.3%
Monte Rio,600,500,0,7.5%
Occidental,500,500,0,0.0%
Petaluma,"33,800","33,000",900,2.6%
Rohnert Park,"23,600","23,000",700,2.8%
Santa Rosa,"89,900","87,400","2,500",2.8%
Sebastopol,"4,100","3,900",200,4.1%
Sonoma,"5,600","5,400",200,3.7%
Windsor town,"14,300","13,900",400,2.7%
Loyalton,430,410,20,4.7%
Dunsmuir,670,630,30,4.7%
McCloud,390,360,30,8.2%
Mount Shasta,"1,640","1,620",20,1.3%
Weed,"1,140","1,070",70,6.1%
Yreka,"2,810","2,630",190,6.6%
August,"3,000","2,700",300,11.0%
Country Club,"4,400","3,900",400,10.1%
Escalon,"3,700","3,600",0,1.3%
Farmington,0,0,0,0.0%
French Camp,"1,100","1,000",100,9.6%
Garden Acres,"4,700","4,400",300,7.2%
Kennedy,"1,300","1,200",100,8.7%
Lathrop,"9,600","9,100",500,5.1%
Lincoln Village,"2,200","2,000",200,7.8%
Linden,"1,200","1,100",0,2.5%
Lockeford,"1,500","1,400",100,4.5%
Lodi,"29,400","27,900","1,500",5.0%
Manteca,"36,800","35,100","1,700",4.7%
Morada,"1,600","1,600",0,2.0%
Ripon,"7,600","7,400",200,3.0%
Stockton,"130,700","121,800","8,900",6.8%
Taft Mosswood,400,400,0,4.8%
Tracy,"43,700","41,800","1,900",4.4%
Live Oak,"4,000","3,800",200,4.9%
Sutter,"1,700","1,700",0,2.0%
Yuba,"32,300","30,300","2,000",6.1%
Corning,"3,100","2,820",290,9.3%
Los Molinos,770,730,40,5.3%
Manton,120,120,10,4.2%
Mineral,100,80,20,18.8%
Rancho Tehama Reserve,870,810,60,7.2%
Red Bluff,"5,370","5,050",320,5.9%
Tehama,150,140,10,8.1%
Hayfork,"1,220","1,210",10,0.7%
Lewiston,490,470,20,3.9%
Weaverville,"1,260","1,170",80,6.6%
Chinese Camp,40,40,0,0.0%
Columbia,790,700,90,11.6%
East Sonora,"1,150","1,150",0,0.0%
Jamestown,"1,250","1,200",40,3.4%
Mi Wuk Village,280,220,70,23.5%
Mono Vista,"1,540","1,510",40,2.3%
Sonora,"2,180","2,080",100,4.4%
Soulsbyville,"1,150","1,080",60,5.6%
Tuolumne,500,500,0,0.0%
Twain Harte,"1,220","1,220",0,0.0%
Benicia,"14,800","14,400",400,3.0%
Dixon,"9,700","9,300",400,4.3%
Elmira,100,100,0,4.5%
Fairfield,"53,000","51,000","2,000",3.8%
Green Valley,600,600,0,0.0%
Rio Vista,"3,000","2,900",100,3.0%
Suisun,"14,300","13,700",500,3.8%
Vacaville,"45,800","44,200","1,600",3.5%
Vallejo,"56,500","54,000","2,400",4.3%
Alpaugh,400,300,100,14.0%
Cutler,"2,300","2,100",300,12.1%
Dinuba,"11,300","9,900","1,300",11.9%
Ducor,300,300,0,8.6%
Earlimart,"3,700","3,200",500,13.9%
East Orosi,400,200,100,32.7%
East Porterville,"2,400","2,000",400,17.0%
Exeter,"4,900","4,500",400,8.4%
Farmersville,"4,900","4,300",600,12.1%
Goshen,"1,500","1,400",200,10.3%
Ivanhoe,"1,600","1,500",100,8.9%
Lemon Cove,100,100,0,12.9%
Lindsay,"5,600","5,100",500,9.2%
London,700,600,100,17.0%
Pixley,"1,500","1,400",100,9.8%
Poplar Cotton Center,"1,200",900,200,20.1%
Porterville,"25,900","22,700","3,200",12.5%
Richgrove,"1,400","1,000",400,27.4%
Springville,300,300,0,3.8%
Strathmore,"1,600","1,400",300,15.5%
Terra Bella,"1,500","1,200",300,19.5%
Three Rivers,"1,100","1,000",100,4.9%
Tipton,"1,300","1,100",200,14.3%
Traver,300,300,0,7.9%
Tulare,"28,300","26,500","1,800",6.4%
Visalia,"62,600","59,100","3,500",5.6%
Woodlake,"3,500","3,000",400,12.3%
Woodville,800,700,100,11.7%
Davis,"36,200","35,100","1,100",3.0%
Esparto,"1,800","1,700",100,5.9%
West Sacramento,"25,900","24,900","1,000",3.9%
Winters,"3,900","3,700",200,4.8%
Woodland,"30,500","29,200","1,300",4.4%
Beale AFB,200,200,0,9.3%
Challenge Brownsville,300,300,0,0.0%
Linda,"7,000","6,400",500,7.4%
Loma Rica,"1,000","1,000",0,2.0%
Marysville,"4,800","4,400",400,7.8%
Olivehurst,"5,300","4,900",400,8.0%
Wheatland,"1,700","1,600",100,7.5%
